{
  "threshold": 0.63,
  "min_human_recall": 0.78,
  "validation_best": {
    "threshold": 0.63,
    "accuracy": 0.7666666666666667,
    "precision": 0.75,
    "recall": 1.0,
    "f1": 0.8571428571428571,
    "confusion_matrix": [
      [
        2,
        7
      ],
      [
        0,
        21
      ]
    ]
  },
  "test_metrics_selected": {
    "threshold": 0.63,
    "accuracy": 0.7333333333333333,
    "precision": 0.7241379310344828,
    "recall": 1.0,
    "f1": 0.84,
    "confusion_matrix": [
      [
        1,
        8
      ],
      [
        0,
        21
      ]
    ]
  },
  "test_metrics_default": {
    "threshold": 0.5,
    "accuracy": 0.7,
    "precision": 0.7,
    "recall": 1.0,
    "f1": 0.8235294117647058,
    "confusion_matrix": [
      [
        0,
        9
      ],
      [
        0,
        21
      ]
    ]
  },
  "test_auc": 0.7671957671957672,
  "test_brier": 0.18512811196402582,
  "calibrated": true
}